video_name,publish_date,sum_of_views,sum_of_likes,sum_of_comments,video_length,thumbnail_url
Former fat person reporting live from the restaurant 🍝,2025-10-18T14:11:13Z,224,17,3,PT2M26S,https://i.ytimg.com/vi/fhCCkcuMnSA/hqdefault.jpg
she went and caused global damage 💋🔥,2025-10-18T08:56:03Z,4039,170,6,PT14S,https://i.ytimg.com/vi/hLkGtLcRz7M/hqdefault.jpg
me without urvashi? unheard of ✨,2025-10-18T08:49:23Z,21494,550,7,PT9S,https://i.ytimg.com/vi/EmJKclOB7lU/hqdefault.jpg
That time of the month again ♥️♥️ #Orryvashi 🪔✨,2025-10-17T11:02:54Z,76794,1895,20,PT43S,https://i.ytimg.com/vi/EyOBYg1TEG8/hqdefault.jpg
Bhai 🫵🏿🫶🏿,2025-10-17T10:58:13Z,61807,2431,18,PT15S,https://i.ytimg.com/vi/qa5ekSPj_xA/hqdefault.jpg
It’s a face off 🤺,2025-10-16T15:06:07Z,29692,865,10,PT32S,https://i.ytimg.com/vi/gnbMYyHMOhg/hqdefault.jpg
"Can’t relate, Can’t compare 🙂‍↔️",2025-10-16T14:59:55Z,25025,766,14,PT2M5S,https://i.ytimg.com/vi/lB2pSJxtpus/hqdefault.jpg
Bingo ✅,2025-10-16T08:00:47Z,20528,450,5,PT22S,https://i.ytimg.com/vi/27xUqBzXshU/hqdefault.jpg
Squad fits loading 🙂‍↔️,2025-10-16T07:54:24Z,47667,630,4,PT7S,https://i.ytimg.com/vi/3q5jsyF3cOc/hqdefault.jpg
"Eggcellent Recipe, No? 🍳🧀",2025-10-16T07:37:25Z,20126,641,12,PT2M18S,https://i.ytimg.com/vi/LNzyonFEYQ8/hqdefault.jpg
Pocket money hustle 📊I,2025-10-16T07:31:42Z,20105,294,5,PT19S,https://i.ytimg.com/vi/S1zSKimsjpU/hqdefault.jpg
Orry’s discoveries 🐀🛩️,2025-10-15T21:09:37Z,65844,894,7,PT10S,https://i.ytimg.com/vi/Ecu-0U89NAk/hqdefault.jpg
A little peek 👀,2025-10-15T21:08:02Z,20827,174,4,PT5S,https://i.ytimg.com/vi/LaRrP_jFyek/hqdefault.jpg
Sobs incoming 🤧,2025-10-15T21:06:35Z,14876,220,2,PT18S,https://i.ytimg.com/vi/PZefRvq59_4/hqdefault.jpg
"Can’t pick, send help 🫣",2025-10-15T21:02:28Z,20679,252,2,PT14S,https://i.ytimg.com/vi/s1UHVoE6_kA/hqdefault.jpg
Can’t be the only one 🍕,2025-10-15T21:01:16Z,7297,71,1,PT20S,https://i.ytimg.com/vi/qP_UMimymbU/hqdefault.jpg
"all cheetah, all slay 🐆💅",2025-10-15T20:57:46Z,7392,58,5,PT11S,https://i.ytimg.com/vi/SwzRp6amc8U/hqdefault.jpg
"Careful, it’s deep 👁️",2025-10-15T17:01:05Z,71371,809,2,PT11S,https://i.ytimg.com/vi/sSawR9Ju2r4/hqdefault.jpg
it’s giving emerald realness 👀,2025-10-15T16:59:13Z,11873,166,2,PT12S,https://i.ytimg.com/vi/2fQiAJj2M6Q/hqdefault.jpg
Do I look homeless? 😭,2025-10-15T16:46:18Z,8455,108,5,PT25S,https://i.ytimg.com/vi/Bho3a7cXk_c/hqdefault.jpg
too dressed for the tide 🌊,2025-10-15T16:45:23Z,15559,260,5,PT12S,https://i.ytimg.com/vi/JCGaEqX0JHg/hqdefault.jpg
Orry & Co 💅🏿☕️,2025-10-15T16:31:13Z,9114,123,2,PT7S,https://i.ytimg.com/vi/0cXhXW2hNvU/hqdefault.jpg
ketchup on tap 😩,2025-10-15T16:30:05Z,26139,585,9,PT22S,https://i.ytimg.com/vi/GD70QPzEUJ0/hqdefault.jpg
Fashion emergency 🚨,2025-10-15T16:28:35Z,32973,448,16,PT13S,https://i.ytimg.com/vi/ILiF8b776zo/hqdefault.jpg
Got serving skills 🍝,2025-10-15T09:37:00Z,940388,9981,61,PT16S,https://i.ytimg.com/vi/FmouBnuoD6s/hqdefault.jpg
even the ceiling wanted a glimpse 🪞,2025-10-15T09:36:10Z,32774,387,5,PT9S,https://i.ytimg.com/vi/iQD83YJlzj0/hqdefault.jpg
"Surprise, it’s me🕯️",2025-10-15T09:33:28Z,21582,388,17,PT6S,https://i.ytimg.com/vi/ue9aPpllvKU/hqdefault.jpg
No way out 🔩,2025-10-15T09:34:37Z,9487,195,2,PT17S,https://i.ytimg.com/vi/CxtCp4vZx0s/hqdefault.jpg
Not auntie-identified 😏,2025-10-15T09:32:27Z,31663,396,5,PT7S,https://i.ytimg.com/vi/z_agaAoq0bg/hqdefault.jpg
She wrote it for me 💅🏿,2025-10-15T09:27:54Z,36516,1501,9,PT1M,https://i.ytimg.com/vi/9jHSb8tJNZo/hqdefault.jpg
Chiti🐜ka Baliyaan Re 🙅🏻‍♂️,2025-10-15T09:26:58Z,54668,1243,5,PT25S,https://i.ytimg.com/vi/dukuvPE9wrw/hqdefault.jpg
🌭 can never hurt me 🔪,2025-10-15T09:21:21Z,15193,290,1,PT15S,https://i.ytimg.com/vi/vh1I_n8iCuo/hqdefault.jpg
Hi frequency 💫,2025-10-14T20:11:42Z,48975,1806,12,PT44S,https://i.ytimg.com/vi/PgLcrzLid5w/hqdefault.jpg
Night buzzers 🦟💅🏿,2025-10-14T13:57:46Z,372128,6019,31,PT13S,https://i.ytimg.com/vi/QEuZWvJz8vE/hqdefault.jpg
What you see VS What you don’t 🤧,2025-10-13T09:24:08Z,54754,1631,11,PT35S,https://i.ytimg.com/vi/ZAfZLWxsNq4/hqdefault.jpg
Diaper check ✅,2025-10-13T09:20:52Z,23326,316,1,PT17S,https://i.ytimg.com/vi/k57SjDHFu2k/hqdefault.jpg
Orry suddenly ‘remembered’ he has Alzheimer’s 🧠,2025-10-13T05:46:16Z,48794,1071,6,PT30S,https://i.ytimg.com/vi/BrJx76MqbV0/hqdefault.jpg
"another day, another slay 💅🏿",2025-10-11T14:09:40Z,118087,1675,32,PT12S,https://i.ytimg.com/vi/UOVI8afzTh4/hqdefault.jpg
Party hack 101,2025-10-11T13:27:32Z,151401,2052,18,PT12S,https://i.ytimg.com/vi/B_U5vlO7M74/hqdefault.jpg
Don’t auntie me 👀,2025-10-11T08:00:43Z,42624,568,8,PT7S,https://i.ytimg.com/vi/OnXGHhXSTxU/hqdefault.jpg
Fit check ✅,2025-10-11T07:57:31Z,99119,1153,15,PT7S,https://i.ytimg.com/vi/ZcnQZJgCPus/hqdefault.jpg
Just another totally normal Orry day 😌✨,2025-10-11T07:56:04Z,25668,779,9,PT1M6S,https://i.ytimg.com/vi/XQJu67reWo0/hqdefault.jpg
Orry & behen ki lorry 🩷💖,2025-10-10T17:40:47Z,48431,469,33,PT21S,https://i.ytimg.com/vi/VgcDsGIqLRI/hqdefault.jpg
Plot twist: Dabeli tried Orry 🫣,2025-10-09T09:01:51Z,262250,3939,25,PT19S,https://i.ytimg.com/vi/zVKq86ZfH-o/hqdefault.jpg
fashion always on his mind 🦚,2025-10-08T16:38:27Z,194383,3719,35,PT26S,https://i.ytimg.com/vi/3fUCYUaDJDs/hqdefault.jpg
living it’s best life inside 😭💦,2025-10-08T16:35:58Z,23117,436,8,PT23S,https://i.ytimg.com/vi/liLqY6jGUVw/hqdefault.jpg
He said: Not today 💅🏿,2025-10-08T16:36:42Z,396985,7925,34,PT29S,https://i.ytimg.com/vi/Rq6Hgt5H2RU/hqdefault.jpg
Orry Just Rebranded Garba to ORRBA💅🏿,2025-10-08T15:12:58Z,65241,1158,79,PT7M53S,https://i.ytimg.com/vi/ci-NlH92ieY/hqdefault.jpg
He’s just naturally hilarious 😆,2025-10-07T19:21:54Z,233145,2477,14,PT23S,https://i.ytimg.com/vi/lEi1Ci-0cGs/hqdefault.jpg
Orry's phone cover museum 🤳🏿,2025-10-07T19:21:45Z,204759,2253,18,PT39S,https://i.ytimg.com/vi/QlCTh0UFm5Y/hqdefault.jpg
"We want what Orry’s got, those friends!! 🤷🏿‍♂️",2025-10-07T15:34:45Z,225758,2354,10,PT40S,https://i.ytimg.com/vi/INUiKj4-8Y4/hqdefault.jpg
Modern philosophy by Orry 💅🏿,2025-10-07T15:16:45Z,235897,1862,18,PT21S,https://i.ytimg.com/vi/t2V8F4KdNBA/hqdefault.jpg
Social anxiety is scared of me,2025-10-06T16:02:21Z,50453,1257,30,PT43S,https://i.ytimg.com/vi/i4s1DOYCcnI/hqdefault.jpg
Mera ghar me gusss jane se regret 😭💅🏿👨🏿‍🍳🎀👩🏻‍🍳🚬,2025-10-06T11:03:37Z,444139,7973,42,PT12S,https://i.ytimg.com/vi/TsJ1VZ90Iwo/hqdefault.jpg
He knows 👀,2025-10-06T09:24:19Z,327300,6382,30,PT29S,https://i.ytimg.com/vi/2beBidM_6-M/hqdefault.jpg
They know too much 👀,2025-10-04T11:54:34Z,492485,11184,94,PT2M55S,https://i.ytimg.com/vi/fh3W_4hs3ZY/hqdefault.jpg
Actually fell in lov w/ da man in da BG,2025-10-03T21:57:42Z,1077503,14993,96,PT13S,https://i.ytimg.com/vi/KGPFt2fh11I/hqdefault.jpg
Your duo could never.,2025-10-03T16:14:09Z,86308,568,18,PT18S,https://i.ytimg.com/vi/WGeyWpBxhjk/hqdefault.jpg
Friendship reset 🔁,2025-10-03T11:38:30Z,50214,406,13,PT24S,https://i.ytimg.com/vi/mOtRvhqL_Nk/hqdefault.jpg
Orry fans are called Orfans 👼🏿,2025-10-03T09:38:33Z,61074,1128,6,PT30S,https://i.ytimg.com/vi/cAvhvfSWUME/hqdefault.jpg
2 best friends in a room ..,2025-10-02T10:42:07Z,638991,9227,43,PT21S,https://i.ytimg.com/vi/WVdDTtYoWTs/hqdefault.jpg
Chammak challo-rry 👀,2025-10-01T15:51:04Z,575693,10096,32,PT12S,https://i.ytimg.com/vi/WVt7gMRVjm8/hqdefault.jpg
Nothing like a BK party 🥳🎉,2025-10-01T14:56:17Z,316160,6239,25,PT1M3S,https://i.ytimg.com/vi/rRDwgQbZ7IU/hqdefault.jpg
LV quack 🦆,2025-09-29T06:56:03Z,21453,258,5,PT1M10S,https://i.ytimg.com/vi/0XcuZ_mrY5M/hqdefault.jpg
Fly on the wall ❌ fly on my head ✅ 🪰🪰,2025-09-27T11:29:02Z,138231,1259,18,PT10S,https://i.ytimg.com/vi/vEO41NddHT0/hqdefault.jpg
Stitch incoming 🪡,2025-09-26T08:46:36Z,428640,4860,39,PT17S,https://i.ytimg.com/vi/WJZCk9OLMCc/hqdefault.jpg
it's natural 🙄🍑,2025-09-24T16:36:31Z,159753,2720,9,PT35S,https://i.ytimg.com/vi/hu44r8GvjDE/hqdefault.jpg
Orry-fied toast 🍞,2025-09-23T09:42:20Z,148095,3073,33,PT1M34S,https://i.ytimg.com/vi/lcTCS09R2Mw/hqdefault.jpg
Her job is at stake 👩🏻‍💼,2025-09-23T09:17:58Z,1543817,17108,124,PT37S,https://i.ytimg.com/vi/XxMdaO88zGI/hqdefault.jpg
Confident but clueless 🥲,2025-09-22T07:24:34Z,47066,684,21,PT1M34S,https://i.ytimg.com/vi/YqfXsyriNbI/hqdefault.jpg
Kanika's picks 💅🏿,2025-09-22T07:21:27Z,35183,521,2,PT2M21S,https://i.ytimg.com/vi/w7R3WFz1zSY/hqdefault.jpg
Guess or mess 😅,2025-09-22T07:17:08Z,29274,302,6,PT2M26S,https://i.ytimg.com/vi/aRm3QbBnwJQ/hqdefault.jpg
Assassination or transition,2025-09-20T13:28:12Z,43678,422,6,PT13S,https://i.ytimg.com/vi/azaPa7T7ysM/hqdefault.jpg
People VS Me,2025-09-20T08:24:48Z,54190,630,7,PT9S,https://i.ytimg.com/vi/5mGUfQYOjF0/hqdefault.jpg
Feed was fed 📸,2025-09-20T08:22:54Z,1185221,13787,38,PT9S,https://i.ytimg.com/vi/1mxypstORhQ/hqdefault.jpg
Birthday greetings from Orry 🎈,2025-09-18T13:23:18Z,61541,898,28,PT17S,https://i.ytimg.com/vi/CtREPNtJI30/hqdefault.jpg
Mutual delusion 😌,2025-09-18T13:20:28Z,79418,899,5,PT17S,https://i.ytimg.com/vi/xVAgi2gAm9M/hqdefault.jpg
"""aLwAyS Looking FoR NeWw WaAysS to oBsESs with bAnNaNas"" 🍌 ☕",2025-09-17T13:50:59Z,50069,531,14,PT42S,https://i.ytimg.com/vi/uDb4rFjX6MQ/hqdefault.jpg
From Baby Doll to Baby LOL 🤭,2025-09-17T13:47:17Z,212815,3408,16,PT13S,https://i.ytimg.com/vi/hMXuAGGWLiQ/hqdefault.jpg
Tissue test cleared ✅,2025-09-17T12:55:18Z,34455,436,18,PT1M26S,https://i.ytimg.com/vi/qYBT-_aO48o/hqdefault.jpg
Self quiz speedrun ⏱️,2025-09-16T20:59:34Z,26987,248,5,PT1M38S,https://i.ytimg.com/vi/ax66goxrkAE/hqdefault.jpg
Bollywood's Khan-daan 😉,2025-09-16T20:51:45Z,26799,248,15,PT1M6S,https://i.ytimg.com/vi/ODOif30T9Mw/hqdefault.jpg
Wild guesses only 🐒,2025-09-16T20:46:19Z,20517,131,4,PT1M6S,https://i.ytimg.com/vi/LlY4gSDJG_M/hqdefault.jpg
Smile detected : morning ruined.,2025-09-16T20:40:40Z,22195,204,4,PT20S,https://i.ytimg.com/vi/EaeNPhya8YY/hqdefault.jpg
Learner for life 🧬📚,2025-09-16T20:37:37Z,18313,123,1,PT42S,https://i.ytimg.com/vi/wTa1NMLvWcs/hqdefault.jpg
Potential house husband 💅🏿,2025-09-16T20:34:46Z,16455,102,3,PT29S,https://i.ytimg.com/vi/m7Vk83AjaH0/hqdefault.jpg
Applications open 🆘,2025-09-16T20:10:33Z,18343,226,7,PT13S,https://i.ytimg.com/vi/pYIYLy0IcZw/hqdefault.jpg
Human tripod 📸,2025-09-16T20:09:37Z,39519,232,2,PT13S,https://i.ytimg.com/vi/4fAEefn_pWc/hqdefault.jpg
Bar star 🌟,2025-09-16T20:05:25Z,15072,142,5,PT36S,https://i.ytimg.com/vi/3CAdRdOF47Q/hqdefault.jpg
Orry-rings 👂🏿,2025-09-16T20:03:51Z,21596,96,1,PT12S,https://i.ytimg.com/vi/rs7pLKjxUE8/hqdefault.jpg
My villain origin story 🎬,2025-09-16T17:39:06Z,11587,126,1,PT1M45S,https://i.ytimg.com/vi/jEFUpRpv8ng/hqdefault.jpg
Beard talk gone wild 😭🔥,2025-09-16T11:13:04Z,15210,144,4,PT32S,https://i.ytimg.com/vi/4Py5dhtSTns/hqdefault.jpg
Society hates fun 🙄,2025-09-15T14:30:38Z,14773,143,1,PT1M30S,https://i.ytimg.com/vi/Eku0zk4ZCR8/hqdefault.jpg
Orry the quiz master 🎤,2025-09-15T14:24:03Z,14400,114,4,PT1M13S,https://i.ytimg.com/vi/7F1btLi_hBM/hqdefault.jpg
Tech bro 2 meth bro real quick 🤓 👹,2025-09-15T11:59:38Z,19691,263,5,PT16S,https://i.ytimg.com/vi/NiZFw9HD8YA/hqdefault.jpg
Til'd3ath do us part my a$$ 🩷💖💀,2025-09-15T11:48:20Z,31748,471,4,PT15S,https://i.ytimg.com/vi/QSxFOja5ZN8/hqdefault.jpg
She meant literally 💅🏿,2025-09-15T11:33:27Z,29988,367,5,PT19S,https://i.ytimg.com/vi/HLxHqTXlYlA/hqdefault.jpg
Plot twist 😌,2025-09-15T11:32:00Z,19232,266,4,PT28S,https://i.ytimg.com/vi/qh6qxQ96Q_w/hqdefault.jpg
Beast mode ➡️ Feast mode,2025-09-15T11:28:45Z,14363,123,2,PT19S,https://i.ytimg.com/vi/iIyBGysbQC8/hqdefault.jpg
Shared pain = bestie gain 💌,2025-09-15T10:55:44Z,17553,180,1,PT7S,https://i.ytimg.com/vi/2h7rejL1WLM/hqdefault.jpg
The struggle was RHEAL,2025-09-13T19:42:10Z,49520,1791,36,PT2M51S,https://i.ytimg.com/vi/zPGON0A5A8Q/hqdefault.jpg
Watermelon sugar high 🍉,2025-09-13T10:23:29Z,265906,3060,7,PT7S,https://i.ytimg.com/vi/jMcZhjfV1mw/hqdefault.jpg
Maximum joy 💅🏿,2025-09-13T10:21:19Z,52491,206,2,PT3S,https://i.ytimg.com/vi/4eImfqDvrsg/hqdefault.jpg
Nobody showed up 😞,2025-09-13T10:19:32Z,89371,1756,8,PT16S,https://i.ytimg.com/vi/rz6SRafXLOg/hqdefault.jpg
Just a Lil flick of the wrist 🤌🏿💛✨💛💫,2025-09-12T13:00:08Z,47769,920,13,PT21S,https://i.ytimg.com/vi/7szfr_XNL4M/hqdefault.jpg
Go Nysa Go 🏆,2025-09-11T13:54:52Z,595032,10542,246,PT59S,https://i.ytimg.com/vi/drxbJLOAmnk/hqdefault.jpg
your brain is adjourned 🧠🔨,2025-09-11T11:24:01Z,44472,664,6,PT1M15S,https://i.ytimg.com/vi/WOV9sXuw5x0/hqdefault.jpg
Pop Quiz 🎬,2025-09-11T09:18:58Z,33203,729,7,PT2M,https://i.ytimg.com/vi/fiN4Zusen3k/hqdefault.jpg
It's Kay to be you ☕,2025-09-11T09:09:09Z,865721,8228,18,PT8S,https://i.ytimg.com/vi/BMWG-5GOMP0/hqdefault.jpg
Bigg boss ❌ Bigg Bhai ✅,2025-09-10T15:00:27Z,33182,507,4,PT36S,https://i.ytimg.com/vi/erTiymQlK1Y/hqdefault.jpg
Reporter ❌ Rockstar ✅,2025-09-10T14:55:49Z,29617,213,3,PT22S,https://i.ytimg.com/vi/scOvmYqHd1g/hqdefault.jpg
DIY table manners 😮‍💨,2025-09-10T14:54:41Z,1614478,26519,73,PT16S,https://i.ytimg.com/vi/KtK2uukpYcU/hqdefault.jpg
Jumped straight into the spotlight ✨,2025-09-10T14:52:02Z,53214,740,15,PT12S,https://i.ytimg.com/vi/8Eh-roK3ZVM/hqdefault.jpg
Middle of the fame 🙆🏿‍♂️,2025-09-10T10:29:41Z,56415,848,8,PT11S,https://i.ytimg.com/vi/iUwJwVFOMxU/hqdefault.jpg
Just stirring up 🍜,2025-09-09T14:17:21Z,42098,925,14,PT2M11S,https://i.ytimg.com/vi/nxAQ0oUWqEM/hqdefault.jpg
"Chat GPT | prompt : ""if I can't have her, no one will""",2025-09-09T13:06:01Z,518531,13871,80,PT16S,https://i.ytimg.com/vi/0LrxiD5w81E/hqdefault.jpg
Can you guess ? 🤔,2025-09-09T11:23:56Z,41976,741,31,PT58S,https://i.ytimg.com/vi/_viusboCgr0/hqdefault.jpg
Kept it PG till da very end 🎤,2025-09-07T14:00:49Z,29389,546,10,PT52S,https://i.ytimg.com/vi/eOp6MH3bETs/hqdefault.jpg
IDC - I definitely care 💭,2025-09-07T12:09:58Z,53748,1197,13,PT1M39S,https://i.ytimg.com/vi/WmbJU20weRs/hqdefault.jpg
Bollywood IQ 📉,2025-09-06T17:37:48Z,38105,849,29,PT2M28S,https://i.ytimg.com/vi/VkPNh_mkDoI/hqdefault.jpg
Bye-ology 🧪,2025-09-06T17:28:09Z,36371,740,42,PT2M22S,https://i.ytimg.com/vi/20W9rGPsvCA/hqdefault.jpg
This union had potential but..,2025-09-05T16:39:32Z,1046617,11914,86,PT46S,https://i.ytimg.com/vi/Ol4D7EHyYeA/hqdefault.jpg
More masala 🌶️,2025-09-05T15:52:46Z,66870,1592,35,PT2M11S,https://i.ytimg.com/vi/z6YFYueQE_k/hqdefault.jpg
Mental mess 🧠,2025-09-05T15:21:26Z,47691,1506,26,PT2M47S,https://i.ytimg.com/vi/3wTH-ErX0W0/hqdefault.jpg
Serving fun 🤭,2025-09-04T16:48:45Z,38616,985,10,PT2M5S,https://i.ytimg.com/vi/74S4tmMb3bE/hqdefault.jpg
Tipsy tales 🍸,2025-09-04T16:29:26Z,38398,675,9,PT1M42S,https://i.ytimg.com/vi/A1NXM-mOwQE/hqdefault.jpg
Man ki baat bola #OpenMicNight ✨🪩,2025-09-04T11:38:18Z,47760,1045,13,PT1M8S,https://i.ytimg.com/vi/qIzD0PXpMbg/hqdefault.jpg
It's not a Pap it's a RAP !!! 🎤,2025-09-03T14:26:47Z,10421,178,28,PT1M17S,https://i.ytimg.com/vi/9u0zxOEKWrU/hqdefault.jpg
This is your final exam 📚,2025-09-03T08:01:38Z,312204,6232,62,PT1M25S,https://i.ytimg.com/vi/32soVqVn8HQ/hqdefault.jpg
A silent but violent fart 🍑 💨,2025-09-02T19:42:03Z,80946,1484,27,PT46S,https://i.ytimg.com/vi/fi4q_Anv74E/hqdefault.jpg
A Man's life does not get better by chance. It gets better by change,2025-09-01T18:05:43Z,67004,972,6,PT13S,https://i.ytimg.com/vi/YdtEU2ot1h0/hqdefault.jpg
At rock bottom 🔨,2025-08-30T06:57:10Z,149850,1604,8,PT14S,https://i.ytimg.com/vi/9lESGxddusU/hqdefault.jpg
Just want peace 😫,2025-08-29T15:03:54Z,134397,1751,3,PT14S,https://i.ytimg.com/vi/n9l4A-X90eI/hqdefault.jpg
Meh hi main hoon,2025-08-29T14:58:08Z,10712992,114502,200,PT10S,https://i.ytimg.com/vi/VE6iGUhlHTY/hqdefault.jpg
Somebodyssss bouttt 2 get 🔩🔩🔩,2025-08-29T11:24:55Z,72786,995,3,PT12S,https://i.ytimg.com/vi/Pjl1nn39Rpk/hqdefault.jpg
Always on the path less taken  💡,2025-08-29T11:21:45Z,1056461,8352,31,PT12S,https://i.ytimg.com/vi/Rxez6U9VH_Q/hqdefault.jpg
I am so confusion rn 😵‍💫,2025-08-29T11:20:29Z,485812,3067,20,PT9S,https://i.ytimg.com/vi/TrHFCH8r46w/hqdefault.jpg
I wish you all the 🌎 & so much more  🤗,2025-08-26T15:15:49Z,109636,2108,12,PT13S,https://i.ytimg.com/vi/zSxjV_AHB1I/hqdefault.jpg
Ab mera rishta ko Kya hoga 😭,2025-08-26T10:05:19Z,223493,1622,34,PT27S,https://i.ytimg.com/vi/CuQdGYBoVyc/hqdefault.jpg
30 years of this finally comes to an end.,2025-08-24T10:01:19Z,165095,1502,6,PT7S,https://i.ytimg.com/vi/vUcNm7m4wis/hqdefault.jpg
Happy birthday @KanikaKapoorOfficial 🎈,2025-08-23T10:00:02Z,413971,7363,23,PT15S,https://i.ytimg.com/vi/tbilptRZsmE/hqdefault.jpg
Who’s winning? 💅🏿,2025-08-22T13:14:45Z,534135,7653,38,PT15S,https://i.ytimg.com/vi/h0i2Gnei-oQ/hqdefault.jpg
Camera man dint even wana show it,2025-08-19T13:49:21Z,108613,1125,9,PT12S,https://i.ytimg.com/vi/lbmbMtSoZUA/hqdefault.jpg
I just want minions w/o opinions.,2025-08-19T11:58:34Z,1653193,10929,40,PT13S,https://i.ytimg.com/vi/N9zlTwHssG0/hqdefault.jpg
"I heard ""welcome to the brace face network""  😭😬🦷",2025-08-19T11:53:27Z,61953,540,9,PT11S,https://i.ytimg.com/vi/oC-BV2yRXPY/hqdefault.jpg
There's lots of love in the world if you know where to find it,2025-08-19T11:50:40Z,220940,3019,12,PT16S,https://i.ytimg.com/vi/c0FIk-SPNxQ/hqdefault.jpg
"Sorry 2 say, still single 😭",2025-08-17T09:48:34Z,676588,8406,27,PT11S,https://i.ytimg.com/vi/TRVjN_By1ZA/hqdefault.jpg
Peri-peri McMouni,2025-08-15T12:35:08Z,6264070,53935,138,PT14S,https://i.ytimg.com/vi/6iizrfGHpkw/hqdefault.jpg
I like the view,2025-08-12T17:16:37Z,209345,1236,25,PT6S,https://i.ytimg.com/vi/gwDCedgDtJo/hqdefault.jpg
"We all do it, I just said it 😂",2025-08-12T08:15:16Z,556603,6240,20,PT9S,https://i.ytimg.com/vi/cZhuU5WOglM/hqdefault.jpg
💌🆘 koi rishta bhejo 😭🛟,2025-08-11T10:55:58Z,163491,2278,28,PT16S,https://i.ytimg.com/vi/TQLkmnqfkp8/hqdefault.jpg
Missing my imaginary special someone 💔😭,2025-08-11T06:42:21Z,815027,11753,32,PT12S,https://i.ytimg.com/vi/UIUub0GeU4Q/hqdefault.jpg
She said nice purse & i was like bish where ?? #Part2,2025-08-11T06:39:21Z,208421,1804,5,PT7S,https://i.ytimg.com/vi/n90iFfLV5TA/hqdefault.jpg
I don't wait for gossip #Part1,2025-08-08T15:19:27Z,139235,1640,6,PT7S,https://i.ytimg.com/vi/RJL8BtlzFx0/hqdefault.jpg
It's kay to be me 💅🏿💅🏿,2025-08-08T08:30:25Z,1534710,21960,106,PT33S,https://i.ytimg.com/vi/gDR1B7xneBQ/hqdefault.jpg
Orry & the cockroaches ☀️🌊🏝️,2025-08-07T13:12:17Z,91694,1500,10,PT53S,https://i.ytimg.com/vi/Klv9fnR06UM/hqdefault.jpg
Aura 📈📈Orry 📉📉,2025-08-05T07:32:48Z,115989,1150,14,PT9S,https://i.ytimg.com/vi/MxjGeG9q-oI/hqdefault.jpg
Grocery store cake & the streets 🎂,2025-08-03T14:52:07Z,393123,5463,53,PT15S,https://i.ytimg.com/vi/heO5btNG5pM/hqdefault.jpg
HBD Orry. You have reached the top and outdone life itself.,2025-08-02T11:08:31Z,386932,15139,220,PT2M59S,https://i.ytimg.com/vi/750NJuCBp6o/hqdefault.jpg
🆘 pls help 🛟,2025-08-02T07:35:00Z,919823,6606,17,PT8S,https://i.ytimg.com/vi/rTLc5lUEfbc/hqdefault.jpg
Brought the pain to Spain 🇪🇸😜 #BirthdayHoliday #BirthdayMe #MyBirthdaySoon #HBD,2025-08-01T20:56:29Z,1244632,10763,32,PT10S,https://i.ytimg.com/vi/rth3rwo_0LI/hqdefault.jpg
Toh fir mai haan smjhu ? 🥀 💍,2025-07-31T07:07:01Z,238090,2721,40,PT14S,https://i.ytimg.com/vi/b89QIxFPjvg/hqdefault.jpg
How 2 get away w/mrrdrr.. or not idk,2025-07-30T19:04:31Z,75885,1324,10,PT33S,https://i.ytimg.com/vi/CRu10l9kXNQ/hqdefault.jpg
"If I was him, I would jump out",2025-07-30T07:30:29Z,955857,8721,28,PT9S,https://i.ytimg.com/vi/3XuS9l99OS4/hqdefault.jpg
Sorry auntie plizzz 4give 🙏🏿🙏🏿,2025-07-25T11:58:05Z,264986,2220,14,PT12S,https://i.ytimg.com/vi/sW1mg7M1VEU/hqdefault.jpg
Should’ve specified WHICH one 😮‍💨,2025-07-23T16:46:26Z,496202,6474,16,PT11S,https://i.ytimg.com/vi/NvUyXDG129o/hqdefault.jpg
Zero calorie activity 🦒,2025-07-23T06:52:35Z,328865,5429,11,PT13S,https://i.ytimg.com/vi/en-9fypcrbY/hqdefault.jpg
Out of the darkness & into the sun 🌞🌊,2025-07-22T16:52:45Z,228584,4855,19,PT51S,https://i.ytimg.com/vi/1O1TQmeKgpQ/hqdefault.jpg
MO : Promote Indian culture in foreign 🇮🇳🌎,2025-07-22T07:17:14Z,234734,3729,33,PT23S,https://i.ytimg.com/vi/SAMGuwVxIns/hqdefault.jpg
I wore it better 🙂‍↔️,2025-07-21T08:03:04Z,1969653,19939,36,PT8S,https://i.ytimg.com/vi/iK9U73i3akY/hqdefault.jpg
Cloudy with a chance of Annie & Orry 🌧️💖,2025-07-20T12:58:55Z,286185,2782,7,PT9S,https://i.ytimg.com/vi/9Ukqyy3cmyc/hqdefault.jpg
Labubu ❌ Lafufu ✅,2025-07-20T07:44:18Z,6527590,107223,170,PT16S,https://i.ytimg.com/vi/h8lRoduQo3o/hqdefault.jpg
Officially entered my 2018 cringe era,2025-07-19T14:35:36Z,134224,1407,12,PT11S,https://i.ytimg.com/vi/Tswg2Pv7WkI/hqdefault.jpg
Boys will be boys,2025-07-18T13:28:18Z,139598,1381,37,PT32S,https://i.ytimg.com/vi/q174AqB9Yd8/hqdefault.jpg
Step check ✅,2025-07-17T13:26:47Z,2346965,22636,85,PT13S,https://i.ytimg.com/vi/ZarI29nR3oo/hqdefault.jpg
"Thanks for the connect, toodles!",2025-07-16T17:23:42Z,1626062,25098,51,PT13S,https://i.ytimg.com/vi/hCD22kZ1eFE/hqdefault.jpg
Labuwho?? 🐰👹,2025-07-16T08:56:42Z,2683793,31176,115,PT7S,https://i.ytimg.com/vi/cN8YjSExOEw/hqdefault.jpg
"I am my own cinema, I can watch me forever ♾️ 🎞️",2025-07-16T06:26:57Z,136031,1182,5,PT10S,https://i.ytimg.com/vi/GtAX20otfu8/hqdefault.jpg
Orry & the underaged,2025-07-15T15:40:55Z,100432,2390,23,PT53S,https://i.ytimg.com/vi/6snxPJ9B-W4/hqdefault.jpg
Me and what army 🥹 🎀,2025-07-15T14:24:25Z,86766,1227,14,PT19S,https://i.ytimg.com/vi/SD_U2GOMUqo/hqdefault.jpg
Overdosed.,2025-07-15T12:51:55Z,85260,704,10,PT7S,https://i.ytimg.com/vi/H6sKdw8uTmg/hqdefault.jpg
"Am working late, cause am a singer 🎤💖",2025-07-15T12:46:31Z,62415,779,13,PT46S,https://i.ytimg.com/vi/5HEeG8CwHus/hqdefault.jpg
Steps to become a glazed donut 🍩✨,2025-07-15T09:37:25Z,87817,702,4,PT36S,https://i.ytimg.com/vi/bC8pUs82b1E/hqdefault.jpg
"Spoiler: it’s not a treasure, but it’s close.",2025-07-15T09:14:55Z,449104,3547,21,PT15S,https://i.ytimg.com/vi/p3P8FrilflQ/hqdefault.jpg
And the closet.. 🎀🌴☀️🌊🥥,2025-07-15T06:21:55Z,90005,1429,14,PT29S,https://i.ytimg.com/vi/zvXHO2qY4IU/hqdefault.jpg
Orry x Ray Ban Meta,2025-07-15T06:16:27Z,50296,624,5,PT38S,https://i.ytimg.com/vi/ndkxqjMQt4Q/hqdefault.jpg
"lifting friends or livestock, same energy 🏋🏿‍♂️",2025-07-14T09:35:50Z,108638,1553,4,PT14S,https://i.ytimg.com/vi/IBFtPKfM25I/hqdefault.jpg
Stealing the safety kit 🧰,2025-07-13T13:53:13Z,84432,1372,1,PT46S,https://i.ytimg.com/vi/NrHu20spUbA/hqdefault.jpg
Happy anniversary A & R 🩷💖,2025-07-13T11:34:16Z,97368,1698,11,PT23S,https://i.ytimg.com/vi/oR4-SO6X8oo/hqdefault.jpg
"From Jamnagar, with love 💗",2025-07-13T11:26:59Z,95969,2073,5,PT38S,https://i.ytimg.com/vi/kf8F7SdAIWM/hqdefault.jpg
Day 2 in Jamnagar ✨,2025-07-13T06:38:58Z,57967,1029,3,PT31S,https://i.ytimg.com/vi/Vb17o4XI_kE/hqdefault.jpg
A celebration like no other 🪩,2025-07-12T17:59:01Z,1653072,37231,38,PT28S,https://i.ytimg.com/vi/THSTSNzVuY4/hqdefault.jpg
Inside The Ambani’s 3 day pre-wedding bash in Jamnagar: ORRY’s POV,2025-07-12T14:54:03Z,1423505,19899,701,PT25M15S,https://i.ytimg.com/vi/kO-MXG7WTVw/hqdefault.jpg
Going loco 💋,2025-07-11T17:12:51Z,46019,508,7,PT12S,https://i.ytimg.com/vi/fbJmK5PE4G8/hqdefault.jpg
always on a vacation,2025-07-11T16:02:51Z,99574,1738,13,PT33S,https://i.ytimg.com/vi/Ka9A2PWDMNU/hqdefault.jpg
Le baby is an unpaid actor,2025-07-09T12:02:21Z,63754,684,4,PT14S,https://i.ytimg.com/vi/eeVf_hF1itA/hqdefault.jpg
Icon supporting icon 💅🏿,2025-07-08T05:48:41Z,74264,582,6,PT8S,https://i.ytimg.com/vi/ssqhK8g11kg/hqdefault.jpg
These insecurities are loud,2025-07-03T06:08:49Z,104720,1401,5,PT13S,https://i.ytimg.com/vi/UTXQXR7BvE0/hqdefault.jpg
Staying in my lane.,2025-07-02T09:28:55Z,64669,663,4,PT9S,https://i.ytimg.com/vi/YBkKvRhEqeM/hqdefault.jpg
No he wasn't held hostage,2025-07-01T14:07:28Z,41349,863,10,PT33S,https://i.ytimg.com/vi/V4DVHOvzCuE/hqdefault.jpg
Language barrier : Gen Z  😶‍🌫️,2025-06-26T13:30:36Z,1627762,14318,53,PT8S,https://i.ytimg.com/vi/KCWYKX1I6BU/hqdefault.jpg
Overshare all you want 🗣️,2025-06-26T11:08:26Z,60302,558,4,PT6S,https://i.ytimg.com/vi/YZ5rFRbwauY/hqdefault.jpg
Proof my friends are my biggest haters 💁🏿‍♂️,2025-06-22T10:10:00Z,38566,512,4,PT30S,https://i.ytimg.com/vi/j90-VdUxZ8g/hqdefault.jpg
"Living in my gloss era, courtesy of TRESemmé 🖤",2025-06-21T12:22:42Z,33441,438,9,PT53S,https://i.ytimg.com/vi/3XvyJUN_VNI/hqdefault.jpg
But tis the life he chose for us so we dont complain 🤲🏿,2025-06-19T15:56:12Z,35507,489,4,PT35S,https://i.ytimg.com/vi/8JUnaTfqugs/hqdefault.jpg
Who wore it better ???,2025-06-18T14:58:53Z,42849,504,9,PT13S,https://i.ytimg.com/vi/bQnStlxNfoQ/hqdefault.jpg
Orrifyingly iconic gift for Tania👜,2025-06-18T08:11:32Z,41973,645,9,PT1M1S,https://i.ytimg.com/vi/xH_npk6_jrM/hqdefault.jpg
Now you know what you dint know 👀💋,2025-06-16T10:45:31Z,113434,2310,8,PT12S,https://i.ytimg.com/vi/_tEwPwdGsW8/hqdefault.jpg
Its 2025 and boys can have babies ok 😭🫃🏿,2025-06-15T11:56:44Z,61173,809,7,PT12S,https://i.ytimg.com/vi/ugEu7bAaU24/hqdefault.jpg
Work loves me and I love work harder 👷🏿‍♂️,2025-06-13T12:09:13Z,45315,774,7,PT25S,https://i.ytimg.com/vi/4emsJhizWfw/hqdefault.jpg
No 4 am friends here,2025-06-13T09:08:44Z,42063,713,5,PT25S,https://i.ytimg.com/vi/Mj6Gty9H0f0/hqdefault.jpg
Only accepting green flags 🚦,2025-06-11T08:48:07Z,43776,217,9,PT9S,https://i.ytimg.com/vi/Y6fSNn4JNj8/hqdefault.jpg
You either know him or you are him,2025-06-10T12:51:46Z,38093,247,2,PT11S,https://i.ytimg.com/vi/y61Olzrai8s/hqdefault.jpg
The groom is d3ad ☠️,2025-06-08T05:26:33Z,27747,221,3,PT34S,https://i.ytimg.com/vi/6TadyBMg0P8/hqdefault.jpg
Open ya mouth 🧴💦👄😜😜,2025-06-06T02:25:18Z,52701,832,5,PT33S,https://i.ytimg.com/vi/TClIBA4sCzg/hqdefault.jpg
You may have graduated but high school never ends.,2025-06-05T07:40:32Z,37284,767,12,PT30S,https://i.ytimg.com/vi/D7gxpSsAFwc/hqdefault.jpg
Janhvi’s Cannes prep through Orry’s cam 📷,2025-06-02T08:37:41Z,67801,2171,9,PT2M8S,https://i.ytimg.com/vi/5ixaaIKE8b0/hqdefault.jpg
Some people just can't mind their own bizzznizzzz,2025-05-29T11:06:49Z,308630,4355,12,PT9S,https://i.ytimg.com/vi/s12ae0P_Va0/hqdefault.jpg
Jab Orry met Aditi 🩷💖😜😜,2025-05-27T09:27:42Z,745303,15751,52,PT17S,https://i.ytimg.com/vi/VdA9qkwzAMk/hqdefault.jpg
"Same species, different altitude 👀",2025-05-26T17:40:21Z,105826,2306,16,PT10S,https://i.ytimg.com/vi/X2BiML1Iobk/hqdefault.jpg
"Boney uncle rocked, Orry shocked !",2025-05-26T10:37:09Z,72033,1636,6,PT13S,https://i.ytimg.com/vi/8ISJHSEvCZk/hqdefault.jpg
Money saved is money earned,2025-05-25T12:48:40Z,803368,9839,20,PT7S,https://i.ytimg.com/vi/8305en1NR5A/hqdefault.jpg
😭 😭 mei aisa kyu huu 😭 😭,2025-05-24T10:19:53Z,9010901,65527,73,PT8S,https://i.ytimg.com/vi/vsgJWOJJXyY/hqdefault.jpg
Gna tell my kids this is SRK & Bebo 😜💅🏿,2025-05-21T14:47:26Z,48986,918,17,PT24S,https://i.ytimg.com/vi/VAMlxJcwgUI/hqdefault.jpg
First Indian woman to capture Orry under her ballgown in Cannes after losing her parrot 😳🦜😱😜🇫🇷🤭,2025-05-20T16:01:27Z,54516,992,13,PT17S,https://i.ytimg.com/vi/55GoRKxEmkM/hqdefault.jpg
Haters will say they were paid 💖😱🤭,2025-05-06T12:30:25Z,30240,604,12,PT1M3S,https://i.ytimg.com/vi/1jzpvz99kYU/hqdefault.jpg
Orry talks about Urvashi Rautela !,2025-04-14T07:48:18Z,78390,1040,14,PT36S,https://i.ytimg.com/vi/ZfS5khytFUg/hqdefault.jpg
Orry to his 18 year old self !,2025-04-14T07:46:02Z,40839,446,6,PT25S,https://i.ytimg.com/vi/OEMYDgx1fN0/hqdefault.jpg
Orry's marriage update !,2025-04-13T20:07:46Z,85098,887,10,PT33S,https://i.ytimg.com/vi/uxMJNLM_kPE/hqdefault.jpg
The basics according to Orry,2025-04-13T20:03:46Z,67496,877,9,PT30S,https://i.ytimg.com/vi/VzstBm27wE8/hqdefault.jpg
Orry's weight loss cheat code,2025-04-13T20:01:08Z,43545,429,2,PT37S,https://i.ytimg.com/vi/MoZDK0Oob64/hqdefault.jpg
A virgin nonetheless 🙂‍↕️,2025-04-13T19:59:46Z,22211,257,4,PT33S,https://i.ytimg.com/vi/FyK080B0RhM/hqdefault.jpg
Haters will say Orry never struggled,2025-04-01T16:53:10Z,45805,608,8,PT29S,https://i.ytimg.com/vi/4gywyENdvlc/hqdefault.jpg
Not your phone anymore 👀,2025-03-31T16:45:20Z,33454,396,4,PT24S,https://i.ytimg.com/vi/3LmKmaByFT4/hqdefault.jpg
If I click i post it 🤭,2025-03-30T10:12:10Z,49832,620,5,PT6S,https://i.ytimg.com/vi/YfiqTbZh6VU/hqdefault.jpg
Lab grown? GUTS,2025-03-29T10:47:15Z,30665,621,5,PT48S,https://i.ytimg.com/vi/hlEjTUKYyLA/hqdefault.jpg
Stop homophobia ✋🏿 🛑                    #psa #ad,2025-03-27T15:28:22Z,32368,535,5,PT19S,https://i.ytimg.com/vi/bSPcxIZUoO8/hqdefault.jpg
"Not so easily, nice try though ! 👀",2025-03-12T07:55:12Z,48301,550,9,PT9S,https://i.ytimg.com/vi/_L5JIC_2awM/hqdefault.jpg
• sORRy not sORRY for being a true LIVEr 🧸❤️ •,2025-03-11T07:27:52Z,28060,340,4,PT28S,https://i.ytimg.com/vi/JUpwMNiya-I/hqdefault.jpg
"He was mine first, case closed",2025-03-10T06:45:50Z,34009,719,12,PT40S,https://i.ytimg.com/vi/oN2zyJG10CM/hqdefault.jpg
-5*C but you have a wedding to attend,2025-03-08T05:36:37Z,61648,1520,11,PT11S,https://i.ytimg.com/vi/y9ifnk-z7Ro/hqdefault.jpg
this wasn't part of the trend 🫠,2025-03-07T11:26:44Z,38888,776,8,PT12S,https://i.ytimg.com/vi/MIaASNjiLtU/hqdefault.jpg
Gna tell my kids this is Chuck and Blair 😜😜,2025-02-27T11:03:27Z,38372,513,7,PT9S,https://i.ytimg.com/vi/r1NP3oX1wxo/hqdefault.jpg
Orry & Urvashi first Indians perform at Indo-pak match 🇮🇳,2025-02-24T15:38:32Z,93532,1586,34,PT22S,https://i.ytimg.com/vi/ZinPKJm4AjQ/hqdefault.jpg
What about the morning after? 👀,2025-02-21T13:58:46Z,28782,574,6,PT1M6S,https://i.ytimg.com/vi/h5oG3h231i4/hqdefault.jpg
Every group has an Orry 🫣,2025-02-18T14:55:23Z,49132,1144,6,PT42S,https://i.ytimg.com/vi/Hm9qvrIE70Y/hqdefault.jpg
Nepal Shenanigans 🙂‍↔️,2025-02-17T15:42:28Z,22277,927,3,PT39S,https://i.ytimg.com/vi/_nASz-lN_8Q/hqdefault.jpg
Exploring Nepal with my pals !,2025-02-17T13:11:38Z,117365,2457,209,PT26M42S,https://i.ytimg.com/vi/-Jk28-SCNyg/hqdefault.jpg
Let me know if you want tutorial !!!,2025-02-17T11:43:17Z,38338,597,4,PT29S,https://i.ytimg.com/vi/dwttRW82XcE/hqdefault.jpg
"No big deal, just iconic! 💅🏿",2025-02-16T08:14:08Z,36385,844,3,PT33S,https://i.ytimg.com/vi/cb4QbIyrEzs/hqdefault.jpg
"No stress, just axe your ex!",2025-02-14T12:24:12Z,24831,633,7,PT1M2S,https://i.ytimg.com/vi/9YZSpYT0g8Y/hqdefault.jpg
Veer & Orry’s hilarious twist on Rang 🕺,2025-02-14T10:17:38Z,134312,2845,18,PT15S,https://i.ytimg.com/vi/oj9jEMfIs20/hqdefault.jpg
Thinking about Jibbitz 24x7,2025-02-11T11:15:13Z,26266,375,7,PT10S,https://i.ytimg.com/vi/hF9xG1NrZa4/hqdefault.jpg
"Orry flops, Sara rocks at Yash Singhal's wedding dance",2025-02-09T08:06:24Z,81260,877,32,PT2M48S,https://i.ytimg.com/vi/6yRiSFdJkus/hqdefault.jpg
Serial wedding attendee 💍,2025-02-08T17:26:12Z,1404184,35167,127,PT19S,https://i.ytimg.com/vi/BcDSeZAqhWM/hqdefault.jpg
Love hurts 🪴🤕,2025-02-07T05:14:37Z,57106,1666,7,PT12S,https://i.ytimg.com/vi/OAQLU_x98ow/hqdefault.jpg
Our jodi was buffering but Amazon MX player? Streaming smooth!,2025-01-17T08:32:15Z,26409,747,3,PT46S,https://i.ytimg.com/vi/tuZJOJIcSCY/hqdefault.jpg
💅🏿 all my trauma & problems from '24 entering '25 🥲,2025-01-06T07:16:40Z,44193,788,9,PT6S,https://i.ytimg.com/vi/ftLJEGDODqk/hqdefault.jpg
It's because I am sweet 🤭18% GTS,2025-01-04T08:03:26Z,58388,1630,14,PT11S,https://i.ytimg.com/vi/MHy1u4dchqM/hqdefault.jpg
Merry Xmas and happy holidays y'all !! xx,2025-01-03T08:53:54Z,368487,14676,36,PT17S,https://i.ytimg.com/vi/IbexWL87wJs/hqdefault.jpg
All you need 🤌🏻,2024-12-26T14:30:43Z,40691,993,12,PT8S,https://i.ytimg.com/vi/mudSG0mEB3c/hqdefault.jpg
Trouble’s more fun with two 👀,2024-12-24T11:37:49Z,27451,483,10,PT7S,https://i.ytimg.com/vi/7Vuqt7LGqsI/hqdefault.jpg
The Art Critic 👨🏿‍🎨,2024-12-23T07:00:02Z,14562,287,6,PT38S,https://i.ytimg.com/vi/NUEMPheWGM4/hqdefault.jpg
Tiny? Yes. Caught? Not today! 😮‍💨,2024-12-21T10:11:22Z,23398,315,3,PT12S,https://i.ytimg.com/vi/i21ZZ7grwkw/hqdefault.jpg
Coz I'm a liver 🙋🏿‍♂️,2024-12-21T07:49:36Z,21155,332,3,PT13S,https://i.ytimg.com/vi/JZ5ZwXBDd5I/hqdefault.jpg
Time for some action 🦾,2024-12-20T07:41:30Z,18770,323,3,PT22S,https://i.ytimg.com/vi/yrSWZjzHRfs/hqdefault.jpg
We all know a steve,2024-12-18T10:02:49Z,1027482,37879,58,PT20S,https://i.ytimg.com/vi/wkgVOjIRBUw/hqdefault.jpg
Haldi ❌ Holi ✅,2024-12-16T05:42:22Z,45764,1368,4,PT39S,https://i.ytimg.com/vi/s55_9GFV298/hqdefault.jpg
The Ambani Wedding Haldi : Orry's POV,2024-12-15T14:59:17Z,1889584,18587,526,PT8M12S,https://i.ytimg.com/vi/PCGFiwUv9S4/hqdefault.jpg
Help me help you help me,2024-12-15T13:04:52Z,8695,220,25,PT15S,https://i.ytimg.com/vi/269shd8_Du8/hqdefault.jpg
Final day of my black hole training 🥷🏿,2024-12-11T12:27:37Z,25886,492,44,PT21M30S,https://i.ytimg.com/vi/mKOqA1RBPGE/hqdefault.jpg
They said 'its just a trek' they lied,2024-12-09T07:35:15Z,7961,185,3,PT31S,https://i.ytimg.com/vi/TrYFHYzweqg/hqdefault.jpg
🐓🐔🤭 We are obviously more than just friends.. 🍗,2024-12-08T06:20:58Z,11872,269,5,PT7S,https://i.ytimg.com/vi/qfLowW5XVwA/hqdefault.jpg
"Chilling in Kashmir, quite Literally! 🥶",2024-12-07T13:50:33Z,26765,477,56,PT30M26S,https://i.ytimg.com/vi/4f0ahxviQbI/hqdefault.jpg
He told me he'll make me the next Samantha 🤩☺️😍,2024-12-07T08:44:45Z,16904,449,5,PT44S,https://i.ytimg.com/vi/YzVctCKnOqc/hqdefault.jpg
Literally every Friday night 💅🏿🙄,2024-12-06T14:09:55Z,13105,254,8,PT6S,https://i.ytimg.com/vi/WiqoxJJPFxA/hqdefault.jpg
Sorry for the jump scare,2024-12-05T07:53:55Z,16646,388,12,PT12S,https://i.ytimg.com/vi/IvJQgknBeNs/hqdefault.jpg
Hoping I just stay the same and nothing will change..,2024-12-04T06:48:22Z,13064,207,5,PT6S,https://i.ytimg.com/vi/YR7D-Gbcvu8/hqdefault.jpg
We all know who's more rich 💅🏿,2024-12-03T10:05:07Z,40001,1935,23,PT17S,https://i.ytimg.com/vi/XTwlF7jV12U/hqdefault.jpg
I had to jump a fence once to save my own life ?? !!,2024-11-30T11:47:22Z,14322,374,5,PT44S,https://i.ytimg.com/vi/xDY-18FFsis/hqdefault.jpg
Day 3 : befriended a little lamb and its mama 🐑🤗,2024-11-28T04:41:28Z,11996,613,14,PT56S,https://i.ytimg.com/vi/Zz1qltO2YVY/hqdefault.jpg
Day 2 : befriended a chicken 🐓,2024-11-27T16:06:55Z,9065,255,2,PT50S,https://i.ytimg.com/vi/50IDpnt7_hc/hqdefault.jpg
Day 1 : Let the torture begin 🥲,2024-11-27T13:14:04Z,11929,270,3,PT1M1S,https://i.ytimg.com/vi/1473_TU1l6c/hqdefault.jpg
ORRY VALLEY,2024-11-27T12:49:37Z,29570,521,69,PT19M19S,https://i.ytimg.com/vi/D8AaANyQbP8/hqdefault.jpg
Ty 4 saving me 😮‍💨💖,2024-11-26T12:35:45Z,14647,384,4,PT25S,https://i.ytimg.com/vi/z2RHVC1PbXs/hqdefault.jpg
She's a pookie 🎀,2024-11-25T15:05:43Z,28693,770,2,PT15S,https://i.ytimg.com/vi/GKmOD6fr5eI/hqdefault.jpg
"Currently here📍love me, support me, cheer for me",2024-11-23T06:20:21Z,24345,1425,17,PT59S,https://i.ytimg.com/vi/ry2aAxKhsIY/hqdefault.jpg
YOU WILL NEVER BELIEVE ORRYS FIRST DAY IN KASHMIR WITH CHERRY SINS,2024-11-22T15:36:36Z,29970,617,78,PT19M56S,https://i.ytimg.com/vi/Nx5l4yIC3Tg/hqdefault.jpg
How people greet me at parties ☹️,2024-11-20T10:23:32Z,53113,1520,16,PT5S,https://i.ytimg.com/vi/yLBEzNbQdYs/hqdefault.jpg
Running for my life but make it dramatic 💅🏿,2024-11-19T15:27:05Z,12896,331,4,PT25S,https://i.ytimg.com/vi/z7cj1YipbxU/hqdefault.jpg
She's an icon ✨,2024-11-19T11:21:02Z,26490,790,8,PT49S,https://i.ytimg.com/vi/R-3QjQ7e6e0/hqdefault.jpg
Let's confuse Isha 🦚,2024-11-19T09:36:46Z,38749,1624,9,PT39S,https://i.ytimg.com/vi/6JO7IFfo9vs/hqdefault.jpg
A controversial question for Karan Johar,2024-11-18T12:28:56Z,70235,2657,18,PT41S,https://i.ytimg.com/vi/lbv-XDZw-tM/hqdefault.jpg
A wild shaleeni Passi,2024-11-18T10:05:31Z,36332,1497,10,PT18S,https://i.ytimg.com/vi/hq8QvLqtEck/hqdefault.jpg
Signs of a true liver,2024-11-18T05:28:35Z,18183,552,4,PT40S,https://i.ytimg.com/vi/nyzULnUmZrw/hqdefault.jpg
Orrys Kashmir files “the prequel”,2024-11-17T10:03:12Z,37141,637,52,PT20M23S,https://i.ytimg.com/vi/pgC7RGKPgzM/hqdefault.jpg
They keep doing me dirty,2024-11-16T12:32:17Z,21823,405,3,PT20S,https://i.ytimg.com/vi/XzmSazU5Ros/hqdefault.jpg
💅🏿 The wind beneath my wings 🪽,2024-11-15T10:32:27Z,29472,818,6,PT5S,https://i.ytimg.com/vi/946UXzBUO4M/hqdefault.jpg
Why was he even invited ??? 🙄,2024-11-15T08:09:57Z,31920,1071,7,PT14S,https://i.ytimg.com/vi/dL8eVQi1l-c/hqdefault.jpg
Currently in a van in old town Phuket 😜😜,2024-11-14T07:42:55Z,36247,1291,4,PT17S,https://i.ytimg.com/vi/DXMXl21xYhY/hqdefault.jpg
My homies every time I change my look 😢,2024-11-13T11:46:11Z,21778,734,5,PT16S,https://i.ytimg.com/vi/LBDg4GV5ac4/hqdefault.jpg
💅🏿👦🏿 One minor inconvenience later 👱🏿‍♂️💅🏿,2024-11-12T07:08:14Z,25308,739,18,PT14S,https://i.ytimg.com/vi/7Yv7pCXKKYM/hqdefault.jpg
"I'd rather 💀than be an Orry""  she got her wish 💅🏿",2024-11-11T09:28:55Z,31130,811,12,PT10S,https://i.ytimg.com/vi/SWmDaSmtSms/hqdefault.jpg
No Boney Kapoor or Vedang Raina were held hostage,2024-11-08T14:05:43Z,1228189,52614,76,PT10S,https://i.ytimg.com/vi/2YVwp38J7Is/hqdefault.jpg
-5*C but you have to dance at a wedding 🎈,2024-11-07T07:44:55Z,114348,3934,8,PT6S,https://i.ytimg.com/vi/s9n2Xs1rbAA/hqdefault.jpg
Radhika Ambani brings love & celebration to the kids at Seva Sadan Society 💌,2024-11-04T11:17:42Z,707330,4560,87,PT4M23S,https://i.ytimg.com/vi/Pu6hXXCPn-k/hqdefault.jpg
In our best selling tee shirt !!!,2024-11-03T07:57:34Z,106402,3252,27,PT18S,https://i.ytimg.com/vi/vTVPWCI8mAk/hqdefault.jpg
The stash is fake the squeak is real,2024-11-02T08:03:27Z,21395,469,8,PT10S,https://i.ytimg.com/vi/iVxaNbIZcck/hqdefault.jpg
Orry boxers avlble now 🔨 !!        🎤 🎶 : @darshannmagdum,2024-11-01T12:25:16Z,23794,403,9,PT1M1S,https://i.ytimg.com/vi/NT-k6_Yr_NU/hqdefault.jpg
My forever mood at social events,2024-10-29T09:54:58Z,404439,13333,30,PT5S,https://i.ytimg.com/vi/ZttbqT0kO30/hqdefault.jpg
The Isha behind the Ambani,2024-10-28T14:57:46Z,97646,2606,4,PT39S,https://i.ytimg.com/vi/pfhaDq2GhsU/hqdefault.jpg
A new villain was born yesterday 🐮,2024-10-28T09:15:47Z,31489,1107,9,PT11S,https://i.ytimg.com/vi/EfkkFBQ3a1Q/hqdefault.jpg
Other influencers Vs Orry 💅🏿🎀,2024-10-27T10:27:44Z,24146,693,7,PT10S,https://i.ytimg.com/vi/2zQcG4o7G68/hqdefault.jpg
Its my shoot!! its about me or is it 😈 😇,2024-10-24T14:50:26Z,43358,2035,23,PT32S,https://i.ytimg.com/vi/iaC2lS3m8ds/hqdefault.jpg
Bollywood Bff Episode 2 - Orry being a fly on the wall at Isha Ambani 's Vogue cover shoot,2024-10-24T11:42:56Z,291159,2644,134,PT12M47S,https://i.ytimg.com/vi/KmhTAqJZuIQ/hqdefault.jpg
They did me dirty 🙄,2024-10-24T08:35:55Z,314603,15313,17,PT27S,https://i.ytimg.com/vi/R7asa57vz7I/hqdefault.jpg
Everyone so mean to me,2024-10-19T10:15:25Z,29033,881,23,PT10S,https://i.ytimg.com/vi/O5TVM8BylNM/hqdefault.jpg
"Rolling luxe, rolling sleek.          EUME'S Aluminium Luggage - peak chic. @EUMEWorld",2024-10-16T11:51:04Z,15637,353,4,PT38S,https://i.ytimg.com/vi/vEzbVa5xp7E/hqdefault.jpg
Thats how you actually throw a party,2024-10-15T09:50:51Z,13964,378,8,PT47S,https://i.ytimg.com/vi/PkJanaVYC8k/hqdefault.jpg
Im not invited kachin kachin 💲💲💲.                                 @MayurJumani,2024-10-15T06:01:08Z,10847,263,3,PT37S,https://i.ytimg.com/vi/qxLmHy7zqis/hqdefault.jpg
We're such good friends,2024-10-09T09:55:50Z,16751,241,4,PT9S,https://i.ytimg.com/vi/nErIkxo1bEc/hqdefault.jpg
No Kim sharma was held hostage,2024-10-05T06:34:28Z,38682,1018,19,PT27S,https://i.ytimg.com/vi/i3CazPe8GMA/hqdefault.jpg
Who kept the crocs out? Who. Who. Who.                          #crocsindia #crocs,2024-10-03T10:52:01Z,38587,1021,7,PT10S,https://i.ytimg.com/vi/GLVkADmnjtA/hqdefault.jpg
When you have too much free time 🙂,2024-10-02T13:07:44Z,17773,390,1,PT24S,https://i.ytimg.com/vi/TvljjvSK0IU/hqdefault.jpg
Victim of virality  @FlyingMachine80,2024-10-01T05:41:53Z,18425,441,7,PT40S,https://i.ytimg.com/vi/L-4qsM__at0/hqdefault.jpg
"People will forget, but i just invented JORTS. @FlyingMachine80",2024-09-30T11:06:14Z,10257,300,8,PT44S,https://i.ytimg.com/vi/mx7iusMR0sM/hqdefault.jpg
Foram's farewell !,2024-09-30T05:18:35Z,24958,433,46,PT20M7S,https://i.ytimg.com/vi/EZyyJmZinLs/hqdefault.jpg
Get a life ❌ Get a job ✅.        Hello @FlyingMachine80,2024-09-27T08:54:04Z,18219,493,11,PT19S,https://i.ytimg.com/vi/1wQjvcCfcpQ/hqdefault.jpg
People forget but i invented double decker buses,2024-09-26T10:05:41Z,34870,1101,17,PT15S,https://i.ytimg.com/vi/0h1YNbBdNMQ/hqdefault.jpg
Deepika revealed what everyone knew EXCEPT ORRY 🤡,2024-09-25T15:22:14Z,40890,1083,4,PT26S,https://i.ytimg.com/vi/lRvm-tARUMg/hqdefault.jpg
If you get food poisoning it’s not my fault. Try this at your own risk 🥔🍄 potato mushrooms,2024-09-25T10:53:03Z,48786,804,75,PT29M8S,https://i.ytimg.com/vi/RZqYO_xEiFg/hqdefault.jpg
I showed them how its done ! ITS ONLY ABOUT ME!! 😈,2024-09-25T10:23:40Z,9181,214,4,PT46S,https://i.ytimg.com/vi/1mD9bX6PR64/hqdefault.jpg
The viral fluffy omelette 🍳,2024-09-25T07:01:42Z,15502,350,4,PT14S,https://i.ytimg.com/vi/54JdpxcMnwA/hqdefault.jpg
Not falling for this trap again !,2024-09-24T16:26:24Z,12884,318,4,PT36S,https://i.ytimg.com/vi/WzsGe6UZwIY/hqdefault.jpg
Monkey on Maybach,2024-09-24T10:55:50Z,12681,304,9,PT32S,https://i.ytimg.com/vi/73cfUK9L0yM/hqdefault.jpg
🍋‍🟩 In matching outfits no less 🌱🥲,2024-09-21T05:30:04Z,38298,1094,14,PT6S,https://i.ytimg.com/vi/_4tuww1VUW0/hqdefault.jpg
Achaivement of life 🐮 yay 100k 🎉Marina and Orry celebrate in Coworth park,2024-09-18T09:28:05Z,25187,730,98,PT17M40S,https://i.ytimg.com/vi/RefBkCCDyhE/hqdefault.jpg
They say I have no talent ?? But explain this ??,2024-09-17T06:11:42Z,28926,595,15,PT12S,https://i.ytimg.com/vi/OU-dbF_LGGY/hqdefault.jpg
Choil Bhathoil 🫄🏿🚽 💩 💨💨,2024-09-16T11:14:01Z,35008,1095,11,PT30S,https://i.ytimg.com/vi/It2ihrwY36A/hqdefault.jpg
Ummmm yummm food 🥘,2024-09-16T08:50:44Z,28050,936,5,PT31S,https://i.ytimg.com/vi/NjzBtwkXos0/hqdefault.jpg
101 of how not to travel 🧳,2024-09-12T13:20:36Z,263771,5516,17,PT41S,https://i.ytimg.com/vi/JOOJinJ31co/hqdefault.jpg
Evidence is clear 🎀,2024-09-12T10:19:37Z,18221,462,6,PT31S,https://i.ytimg.com/vi/MM63dJEvGE4/hqdefault.jpg
"Farmville with Orry, Izzy & Nysa 🧑‍🌾👩‍🌾",2024-09-11T14:50:13Z,562005,6504,293,PT20M15S,https://i.ytimg.com/vi/7xO7-k7lXsY/hqdefault.jpg
🐘,2024-09-10T13:32:26Z,36123,1910,13,PT23S,https://i.ytimg.com/vi/d6kZ2RYp6Aw/hqdefault.jpg
The best paths are rarely straight - find your Z #neverwalkstraight #zigzag #collab,2024-09-10T08:22:55Z,39205,1069,6,PT21S,https://i.ytimg.com/vi/1keFFqGHsVU/hqdefault.jpg
Jahnvi Kapoor from Temu 🥴,2024-09-09T16:05:43Z,35078,981,9,PT30S,https://i.ytimg.com/vi/h5Kz_NWZoKk/hqdefault.jpg
I do not take a bus 🚍 Im Rich 💰 and Famous 🤩,2024-09-09T06:33:39Z,40779,1332,7,PT32S,https://i.ytimg.com/vi/tTqWnqX5mOI/hqdefault.jpg
Tag your friend with a cute laugh🐐,2024-09-08T16:01:17Z,13301,366,3,PT33S,https://i.ytimg.com/vi/P2OAMEgg-fI/hqdefault.jpg
Orry Bff check list ✅,2024-09-08T10:47:09Z,20344,508,13,PT32S,https://i.ytimg.com/vi/NtMby1Btw6k/hqdefault.jpg
Meet my best friend Foram! Oh Fuuu🤭,2024-09-08T09:07:42Z,8472,263,1,PT35S,https://i.ytimg.com/vi/8yl2USWLtRY/hqdefault.jpg
The 1 time of the year you can torture your friends & no 1 can say anything about it? your birthday,2024-09-07T12:22:25Z,22804,879,10,PT1M1S,https://i.ytimg.com/vi/ckhEEdAbzD4/hqdefault.jpg
Special day Orryday,2024-09-07T09:22:44Z,287859,13236,40,PT22S,https://i.ytimg.com/vi/oMYS4gcLKgs/hqdefault.jpg
Its all about me me me and me,2024-09-06T13:42:07Z,17076,620,3,PT27S,https://i.ytimg.com/vi/cprqJyMXfj0/hqdefault.jpg
Orry’s 40th birthday 👴🏿,2024-09-06T09:32:25Z,178758,3044,197,PT47M57S,https://i.ytimg.com/vi/g5GaOkVxTJ0/hqdefault.jpg
Now i cant go back to the real Janhvi,2024-09-04T11:59:03Z,18830,307,11,PT23S,https://i.ytimg.com/vi/dJ0HEnQYMbw/hqdefault.jpg
ive met my broke fans in Mykonos,2024-09-03T07:36:29Z,9986,314,4,PT31S,https://i.ytimg.com/vi/cXs-O4jCOrU/hqdefault.jpg
"Pls support me, my art and young artists 🧑🏿‍🎨🖼️            #SupportYoungArtists",2024-09-02T07:32:19Z,271433,10740,94,PT43S,https://i.ytimg.com/vi/BA4qoMV_ntI/hqdefault.jpg
You'll never believe what they did to Orry 😲,2024-09-01T11:38:16Z,48036,760,56,PT24M17S,https://i.ytimg.com/vi/LCXG85ZHVKo/hqdefault.jpg
And he just texted asking for more 🙄,2024-08-31T08:58:45Z,33940,1580,19,PT41S,https://i.ytimg.com/vi/RmB9IGuegfk/hqdefault.jpg
Again ?? Can I breathe ?? 😭 vultures everywhere. Gimme a break 😭,2024-08-26T12:18:27Z,18675,504,6,PT16S,https://i.ytimg.com/vi/4yZ2xczTnRM/hqdefault.jpg
Am just delicate like that 🌸🍜💩 so worth it 🤭,2024-08-24T13:00:02Z,40688,2934,19,PT50S,https://i.ytimg.com/vi/4BXWaMsfLpM/hqdefault.jpg
Forcing Karan to spill the tea ☕,2024-08-23T10:14:30Z,25939,585,7,PT30S,https://i.ytimg.com/vi/UvREMeCyDAM/hqdefault.jpg
Annoying Karan is my Crociality 🐊,2024-08-22T10:48:37Z,60862,1077,66,PT8M37S,https://i.ytimg.com/vi/6--aoW2C5vs/hqdefault.jpg
The battle scars of a real hero.,2024-08-15T09:52:59Z,37881,389,16,PT9S,https://i.ytimg.com/vi/p0PofHt7COI/hqdefault.jpg
Ya I am just better than everyone else,2024-08-14T07:23:33Z,30333,703,7,PT13S,https://i.ytimg.com/vi/pDb3y48AZbI/hqdefault.jpg
i literally choked 🐔,2024-08-09T09:58:48Z,49024,1575,11,PT33S,https://i.ytimg.com/vi/pDMdoalXuEI/hqdefault.jpg
Just became single but then.. 😻,2024-08-09T08:24:31Z,45328,1037,15,PT34S,https://i.ytimg.com/vi/fUnhVtF--YQ/hqdefault.jpg
"My best work, a masterpiece, if I may say so myself",2024-08-07T11:56:29Z,929518,37865,420,PT19S,https://i.ytimg.com/vi/7_n3JU7kWKs/hqdefault.jpg
The fruits of my labor,2024-08-04T17:37:13Z,38628,738,7,PT8S,https://i.ytimg.com/vi/zja9RMKlgfQ/hqdefault.jpg
My Orry senses are tingling 🤧,2024-08-04T12:35:08Z,46098,654,6,PT27S,https://i.ytimg.com/vi/yxQfUboaKi4/hqdefault.jpg
2 hours and a B!tch fit in Dubai !,2024-08-04T08:31:11Z,39833,772,67,PT11M30S,https://i.ytimg.com/vi/UlYQw-kzBP4/hqdefault.jpg
Cause if not now then when ??,2024-07-30T11:50:50Z,88524,2831,40,PT35S,https://i.ytimg.com/vi/TjEUyKPHo9U/hqdefault.jpg
the making of a Mohawk 🤘🏿,2024-07-29T13:01:07Z,813985,22291,297,PT28S,https://i.ytimg.com/vi/zsrZkUcTkwc/hqdefault.jpg
Aishwarya is from the future created by AI 🤖,2024-07-28T10:24:36Z,250891,10052,55,PT24S,https://i.ytimg.com/vi/tSfSaWFbcxs/hqdefault.jpg
i love shopping 🛍️,2024-07-27T14:35:09Z,81653,2841,41,PT43S,https://i.ytimg.com/vi/PS_LpDrXuq4/hqdefault.jpg
The most popular kid in town ever,2024-07-27T09:57:40Z,68231,1618,24,PT35S,https://i.ytimg.com/vi/WYxyyyzKP5E/hqdefault.jpg
i only came for the content 📸🎥,2024-07-25T14:19:36Z,117442,2902,31,PT27S,https://i.ytimg.com/vi/7_SVGcODRAA/hqdefault.jpg
I really thought i could just show up and act like i can play cricket 🦗🏏,2024-07-24T14:55:03Z,39165,790,130,PT9M37S,https://i.ytimg.com/vi/EaXrvaM4UpM/hqdefault.jpg
beep 📢 beep 📢Orry express 🚌,2024-07-22T13:55:21Z,137795,4657,68,PT32S,https://i.ytimg.com/vi/rnYejKtF5cY/hqdefault.jpg
The angel Ananya Panday 👼🏿,2024-07-21T16:39:36Z,61855,1465,10,PT32S,https://i.ytimg.com/vi/aJwC9NknN1A/hqdefault.jpg
An interview with Orry 🎤,2024-07-21T08:52:27Z,85001,1228,147,PT52M57S,https://i.ytimg.com/vi/-Rbhh7ia_mc/hqdefault.jpg
I never go hungry before important events 🌯🌯🌯,2024-07-18T12:36:39Z,128634,3119,53,PT44S,https://i.ytimg.com/vi/ce7EsDbp0Po/hqdefault.jpg
Biggest Baraat in history : ORRY's POV of Anant & Radhika Ambani's Wedding !,2024-07-18T08:20:47Z,2786468,37026,1715,PT13M31S,https://i.ytimg.com/vi/7janKw0pcDY/hqdefault.jpg
Soo 🦆ing full🫃,2024-07-16T13:36:48Z,75886,1419,14,PT24S,https://i.ytimg.com/vi/bfMOv4miSzk/hqdefault.jpg
I want to get lost ! Lose me!,2024-07-16T09:43:37Z,49122,1174,16,PT32S,https://i.ytimg.com/vi/bPSSRPL-8jg/hqdefault.jpg
pick a winner 🏆 part 2,2024-07-16T07:42:01Z,135551,4667,54,PT1M1S,https://i.ytimg.com/vi/UWxoZhQne4k/hqdefault.jpg
Falling in love in Palermo 🏖️,2024-07-15T12:26:48Z,74118,1296,138,PT12M31S,https://i.ytimg.com/vi/CMqnMPt_kxk/hqdefault.jpg
pick a winner 🏆,2024-07-14T10:16:28Z,184210,6878,144,PT31S,https://i.ytimg.com/vi/YP1d4VSFlBQ/hqdefault.jpg
"If I was your boyfriend, I'd never let you go",2024-07-14T06:41:05Z,75514,3890,29,PT1M1S,https://i.ytimg.com/vi/Z9y2aDgN1S0/hqdefault.jpg
Consistency is the key 🔑,2024-07-12T10:15:28Z,77486,1439,21,PT6S,https://i.ytimg.com/vi/IqrlKDgLNo8/hqdefault.jpg
the struggle is real ✂️📦,2024-07-08T13:58:00Z,82247,1504,23,PT20S,https://i.ytimg.com/vi/sip2dZLDmVM/hqdefault.jpg
Orry showing Justin how its done 😎,2024-07-08T12:18:55Z,275772,10087,80,PT39S,https://i.ytimg.com/vi/1ocy0MQvTVM/hqdefault.jpg
The struggles of unboxing by Orry 📦🎁,2024-07-08T10:33:11Z,219431,3781,260,PT16M8S,https://i.ytimg.com/vi/Gq89vXK_Tm4/hqdefault.jpg
"Ananya, Orry, Sara, Veer Pahariya & the DDC group dancing together for Anant and Radhika's Sangeet 😍",2024-07-08T07:30:47Z,1513385,24469,244,PT49S,https://i.ytimg.com/vi/5ZF2zzXWgF0/hqdefault.jpg
"Orry, Ananya Pandey, Sara Ali Khan & Veer Pahariya performed at Anant & Radhika's Sangeet Ceremony 😍",2024-07-06T15:37:23Z,609177,6453,481,PT2M17S,https://i.ytimg.com/vi/VZDVYSMCt1s/hqdefault.jpg
"Salman Khan, Anant Ambani, Veer Pahariya & Ranveer Singh - DDC dance - Anant & Radhika's Sangeet",2024-07-06T13:59:48Z,1336918,11275,581,PT9M31S,https://i.ytimg.com/vi/sZrSIMThFAg/hqdefault.jpg
Orry and Tania's Food Adventure in Portofino 🌯🍝👨🏻‍🍳,2024-07-05T09:06:20Z,207415,1911,118,PT8M31S,https://i.ytimg.com/vi/C6YvLdc5RWw/hqdefault.jpg
Orry on a shoot with The Great Khali 💪🏻,2024-07-04T12:11:04Z,32783,519,33,PT7M2S,https://i.ytimg.com/vi/poYCpNrhNiI/hqdefault.jpg
Do whatever you want !,2024-06-29T08:37:25Z,127680,3998,57,PT50S,https://i.ytimg.com/vi/hK64Isb4QmQ/hqdefault.jpg
Orry's new car 😍,2024-06-26T08:57:57Z,98824,2907,54,PT33S,https://i.ytimg.com/vi/1Ajn5iC4wIk/hqdefault.jpg
liver ❌ giver ✅,2024-06-25T12:25:04Z,2580572,108938,136,PT34S,https://i.ytimg.com/vi/CqfNwn0WmNs/hqdefault.jpg
pick a winner 🏆,2024-06-24T13:30:06Z,413629,22095,55,PT15S,https://i.ytimg.com/vi/L0-tBOhRP7Y/hqdefault.jpg
Drama Alert ‼️ ⚠️⚠️⚠️,2024-06-23T10:07:57Z,61266,1606,21,PT1M1S,https://i.ytimg.com/vi/lsdXpLKP0M4/hqdefault.jpg
OMG 🫣,2024-06-22T19:26:47Z,30458,610,6,PT17S,https://i.ytimg.com/vi/thfj3sTX0A8/hqdefault.jpg
Orry and Adya's meet up in NYC 🇺🇸,2024-06-22T13:25:42Z,27545,429,48,PT4M47S,https://i.ytimg.com/vi/jMmxy5OcSW0/hqdefault.jpg
Orry is a smarty 👖,2024-06-19T20:17:32Z,68213,2052,18,PT59S,https://i.ytimg.com/vi/EOfql4hDYzA/hqdefault.jpg
A spicy meatball 🍝,2024-06-18T18:52:35Z,85107,2783,27,PT59S,https://i.ytimg.com/vi/XXMuQS__Dm8/hqdefault.jpg
first clean shave in years 🪒      #asokatrend,2024-06-18T10:48:52Z,609316,20630,310,PT59S,https://i.ytimg.com/vi/W-SJ6cYjYrM/hqdefault.jpg
Is this normal!?!?,2024-06-18T07:30:44Z,73702,2047,32,PT20S,https://i.ytimg.com/vi/CE-V2y4L9wg/hqdefault.jpg
New found fame,2024-06-18T05:12:31Z,29371,558,11,PT9S,https://i.ytimg.com/vi/4iT6JEP-dSI/hqdefault.jpg
memories are the worst investment you can make - Orry,2024-06-17T10:11:57Z,31205,965,40,PT43S,https://i.ytimg.com/vi/XmWkHO4cjfI/hqdefault.jpg
Orry's tip of the day 🕯️,2024-06-17T08:26:01Z,32957,918,18,PT8S,https://i.ytimg.com/vi/wT-FFfCSjVU/hqdefault.jpg
Going for a routine morning walk 🏃🏾,2024-06-17T07:42:52Z,13020603,499675,1714,PT15S,https://i.ytimg.com/vi/9XbUIfqcvr0/hqdefault.jpg
Orry is always right !,2024-06-17T06:52:17Z,19451,615,9,PT44S,https://i.ytimg.com/vi/XN3-D7VkyiM/hqdefault.jpg
Bhai bhai 😭,2024-06-16T19:04:22Z,907184,33514,228,PT12S,https://i.ytimg.com/vi/EFm7on5CT3M/hqdefault.jpg
when you get fired but you're also Priyanka Chopra ...i mean Orry,2024-06-16T15:06:27Z,37918,702,9,PT6S,https://i.ytimg.com/vi/f-9yZjO8bW8/hqdefault.jpg
Rather just do what you want and figure it out later,2024-06-16T14:57:27Z,14866,456,7,PT23S,https://i.ytimg.com/vi/F6WgAR6KJAg/hqdefault.jpg
Orry's tip of the day!,2024-06-16T12:49:29Z,14906,402,7,PT11S,https://i.ytimg.com/vi/MOcZ6mp2hQI/hqdefault.jpg
"this land is your land, this land is my land",2024-06-16T09:28:09Z,51639,945,17,PT10S,https://i.ytimg.com/vi/V3lz5uFF8G4/hqdefault.jpg
Orry's emergency noodle hack 🍜 !,2024-06-16T09:22:17Z,66342,1181,106,PT4M20S,https://i.ytimg.com/vi/NoxmPpqnjWE/hqdefault.jpg
🦑 A day in the life 🐙,2024-06-16T09:19:26Z,47590,737,13,PT8S,https://i.ytimg.com/vi/rf9KTrBNWp8/hqdefault.jpg
they call him the Anne Hathaway of India,2024-06-16T09:02:24Z,85753,3322,24,PT11S,https://i.ytimg.com/vi/skwnbcRuR24/hqdefault.jpg
"Building an army, apply in DMs",2024-06-16T08:16:13Z,26182,633,21,PT17S,https://i.ytimg.com/vi/187iIxdBto4/hqdefault.jpg
down to earth Orry ✈️🌎,2024-06-15T15:46:16Z,142120,3948,27,PT24S,https://i.ytimg.com/vi/B7MPVgtbxCY/hqdefault.jpg
His name is Boney Kapoor,2024-06-15T11:18:18Z,139754,3959,26,PT28S,https://i.ytimg.com/vi/ufmsFRqM-L0/hqdefault.jpg
"we all have that one friend, it's just not me 😉",2024-06-14T07:08:04Z,421789,14018,103,PT50S,https://i.ytimg.com/vi/Xb0M9Y-y21M/hqdefault.jpg
always there,2024-06-14T07:02:50Z,33306,769,17,PT10S,https://i.ytimg.com/vi/S9FVVN2IXHY/hqdefault.jpg
cute little fan from NYC 😍,2024-06-13T04:25:28Z,134687,4823,34,PT34S,https://i.ytimg.com/vi/XDGNuHEg76w/hqdefault.jpg
A day in Orry's life #2 | Movie & a hot pot date with his brother from another mother 🍛🍣🍡🍱🍲,2024-06-10T08:15:04Z,59552,979,85,PT6M18S,https://i.ytimg.com/vi/P5s8tEOXX0A/hqdefault.jpg
After ages 💇🏻‍♂️                      #orry #orhanawatramani,2024-06-08T05:44:40Z,96383,3293,47,PT6S,https://i.ytimg.com/vi/KekAsOAGm6Q/hqdefault.jpg
"A Day in the Life of Orry | Surprises, New Car, and Fun with Friends!",2024-06-06T11:21:17Z,82521,1845,149,PT13M9S,https://i.ytimg.com/vi/dF9MjBRYbRo/hqdefault.jpg
Mr. & Mrs. Mahi out now 😍  #orry #janhvikapoor,2024-06-03T09:59:40Z,1781354,82760,150,PT14S,https://i.ytimg.com/vi/Xyy8pZKLhV0/hqdefault.jpg
Orry's memorable visit to a school in Panvel 😍,2024-06-02T12:57:50Z,39493,1758,129,PT7M48S,https://i.ytimg.com/vi/MWI6qq-81W0/hqdefault.jpg
The Thali Debate: Lunch Vlog with Orry & Rhea 🍱🍽️,2024-06-01T10:06:47Z,41308,616,44,PT2M7S,https://i.ytimg.com/vi/BqDaTj0TAwY/hqdefault.jpg
Orry's passport got confiscated 😱,2024-05-29T16:12:05Z,31409,645,39,PT3M14S,https://i.ytimg.com/vi/s3ccZCK5jcg/hqdefault.jpg
"Orry lost his will to live, he's not a liver  😭                 #orry #orhanawatramani",2024-05-29T11:31:33Z,1099986,24384,70,PT43S,https://i.ytimg.com/vi/tLmBYE9neco/hqdefault.jpg
just a video of Orry struggling 👷🏻‍♂️ #orry #orhanawatramani,2024-05-28T09:45:55Z,1789600,84630,194,PT15S,https://i.ytimg.com/vi/JWtH4nvYHbM/hqdefault.jpg
Day in the Life of a professional Bollywood BFF : Orry's Adventure in Ahmedabad w/ Janhvi Kapoor!,2024-05-26T07:44:47Z,434357,8462,370,PT22M,https://i.ytimg.com/vi/Pf_BrUVv1UM/hqdefault.jpg
The train to Kodaikanal 🚂🏫🎒,2024-05-23T14:05:34Z,397946,7061,548,PT37M20S,https://i.ytimg.com/vi/63-GVbBTIn4/hqdefault.jpg
Two Truths and a Lie with Julianne Moore,2024-05-19T11:24:10Z,12909,251,34,PT1M9S,https://i.ytimg.com/vi/5DYvebLXf_8/hqdefault.jpg
"Value of a Vacation! ✈️ ft Orry, Tania & Izzy",2024-05-16T16:01:13Z,97262,2246,165,PT31M13S,https://i.ytimg.com/vi/GauubTtVrPg/hqdefault.jpg
"buys Birkin like a boss, only to kick it later 🤣                  #orry #orhanawatramani",2024-05-15T12:13:02Z,1215727,33457,176,PT19S,https://i.ytimg.com/vi/nvaOwjMkaVA/hqdefault.jpg
A memorable day in IPL's history 🏏,2024-05-13T05:43:20Z,62385,1288,87,PT14M49S,https://i.ytimg.com/vi/HJ0-l7aWc-s/hqdefault.jpg
Orry colored his hair again 😍🩷                 #orhanawatramani #orry,2024-05-06T12:04:20Z,44363,1043,11,PT41S,https://i.ytimg.com/vi/JH8cRMNO-5U/hqdefault.jpg
A random night in Orry's life 🍽️🌃,2024-05-04T11:43:44Z,39306,620,45,PT1M17S,https://i.ytimg.com/vi/Jqr9r42OgII/hqdefault.jpg
Amelie reveals Orry's true self 😲✋🏻,2024-05-02T10:33:46Z,12424,148,10,PT2M50S,https://i.ytimg.com/vi/FnYxPcJdLzQ/hqdefault.jpg
The Orry Party finally on YouTube 😍 #orry #orhanawatramani,2024-04-27T16:24:53Z,67268,1650,11,PT54S,https://i.ytimg.com/vi/DN7MZq3jiLE/hqdefault.jpg
I DO NOT REMEMBER ANY OF THIS O_O,2024-04-27T13:47:40Z,123951,3081,144,PT11M16S,https://i.ytimg.com/vi/PYsdFds0vZ8/hqdefault.jpg
Back on TikTok !!!!!,2024-04-25T15:22:05Z,32150,504,5,PT5S,https://i.ytimg.com/vi/C6wy0F1A81g/hqdefault.jpg
An important message from Orry ✍🏻 Orry's party is going to be wild 😍,2024-04-15T07:18:23Z,21364,510,8,PT50S,https://i.ytimg.com/vi/JMXYdiqyeJo/hqdefault.jpg
Urfi fell into Orry's trap for the Orry's party 🤣😍  #orhanawatramani #orry,2024-04-15T07:16:42Z,1621335,36398,113,PT9S,https://i.ytimg.com/vi/X-pMFV5-24E/hqdefault.jpg
Orry's hair transplant 😲               #orry #orhanawatramani,2024-04-04T13:25:58Z,7287332,184749,695,PT26S,https://i.ytimg.com/vi/FTcuSqiPfaI/hqdefault.jpg
Orry's new hair transformation 😍,2024-03-26T11:31:02Z,40816,662,10,PT31S,https://i.ytimg.com/vi/F5j5kFQErbg/hqdefault.jpg
Tirupati Vlog is finally here full video on our YouTube channel ❤️,2024-03-21T10:29:39Z,26173,1059,10,PT48S,https://i.ytimg.com/vi/DQdny2UOigg/hqdefault.jpg
"Tirupati Vlog with Janhvi Kapoor, Shikhar Pahariya & Orry 📹",2024-03-20T13:03:36Z,2913445,50204,794,PT12M14S,https://i.ytimg.com/vi/azQFKw9AjVc/hqdefault.jpg
BTS from Orry's Relevance Room,2024-02-28T16:21:33Z,29666,282,20,PT1M23S,https://i.ytimg.com/vi/4NnCk3ZW-Hc/hqdefault.jpg
Send my body out to war but keep my senses 🗜️,2024-02-24T10:56:16Z,17892,277,2,PT4S,https://i.ytimg.com/vi/s2dzPcB3yyY/hqdefault.jpg
"Stuck in traffic, never without you! 🍓☀️                                      #ad #dot&keyskincare",2024-02-19T11:59:44Z,29134,829,5,PT25S,https://i.ytimg.com/vi/ERBpZsOd4d8/hqdefault.jpg
I'm just like you.                                                   @bumble,2024-02-09T08:53:31Z,45719,1472,15,PT56S,https://i.ytimg.com/vi/4E0lJ-WD4c8/hqdefault.jpg
Orry's Relevance Room,2024-02-06T06:41:23Z,102966,1959,462,PT2M51S,https://i.ytimg.com/vi/kFVR8G4PZLs/hqdefault.jpg
#tbt to when nature was naturing 🐮❤️,2024-02-02T10:04:16Z,33113,440,6,PT10S,https://i.ytimg.com/vi/DHOh3VLsxQU/hqdefault.jpg
Dreams unwind I love my state of mind#yzy22,2024-02-01T12:17:39Z,18390,231,2,PT34S,https://i.ytimg.com/vi/IdaIP7kkDyQ/hqdefault.jpg
comment na 😂🤣 why am I posting reels tho 😭,2024-01-28T12:52:55Z,24739,294,6,PT16S,https://i.ytimg.com/vi/8rgZvM_9VFI/hqdefault.jpg
"If you think you've peaked, time to find new mountains ⛰️",2024-01-28T12:43:13Z,10682,116,1,PT6S,https://i.ytimg.com/vi/2z5PRBDPJYU/hqdefault.jpg
happy sunday urrrbodyyy,2024-01-28T12:37:39Z,24181,197,4,PT5S,https://i.ytimg.com/vi/UEVWCJVOuWs/hqdefault.jpg
"""change your attitude or leave""",2024-01-28T12:34:27Z,14927,152,1,PT9S,https://i.ytimg.com/vi/aAE3dI48l8Y/hqdefault.jpg
"Les Poissons, Les Poissons, he he he, haw haw haw 🧑🏿‍🍳🦀🔪 #TheLittleMermaid #ChefLouis#IYKYK",2024-01-25T07:08:05Z,23297,347,1,PT16S,https://i.ytimg.com/vi/fvXdL4zCoLI/hqdefault.jpg
"The usual, unusual & apparently casual suspects.",2024-01-20T10:57:29Z,29245,702,2,PT31S,https://i.ytimg.com/vi/cCjRDOpmJB4/hqdefault.jpg
If about last night was a reel ??? #mistryissixty,2024-01-15T15:32:11Z,13271,189,2,PT13S,https://i.ytimg.com/vi/uZSoXF2DYck/hqdefault.jpg
Just frogging around 🐸,2024-01-05T13:20:54Z,32725,981,7,PT23S,https://i.ytimg.com/vi/BESlsWEcn20/hqdefault.jpg
I just wanted to feel young again 🤡🥺,2024-01-04T09:03:05Z,18784,266,3,PT11S,https://i.ytimg.com/vi/TORPOSZKB6Y/hqdefault.jpg
